borehole_id,depth_m,lithology,spt_n,moisture,color,x_coord,y_coord,relative_depth,spt_rolling_mean,distance_from_origin
DEMO_SITE_BH001,0.0,CLAY,7,10.265299223197331,GRAY,0,0,0.0,7.0,0.0
DEMO_SITE_BH001,1.5,CLAY,8,28.844035113697053,GRAY,0,0,0.052631577100646414,7.5,0.0
DEMO_SITE_BH001,3.0,SILT,17,21.265764356910786,YELLOW,0,0,0.10526315420129283,10.666666666666666,0.0
DEMO_SITE_BH001,4.5,SAND,16,17.708330050798324,GRAY,0,0,0.15789473130193923,13.666666666666666,0.0
DEMO_SITE_BH001,6.0,SAND,20,10.319325044404284,RED,0,0,0.21052630840258565,17.666666666666668,0.0
DEMO_SITE_BH001,7.5,SAND,13,14.61787651244298,YELLOW,0,0,0.2631578855032321,16.333333333333332,0.0
DEMO_SITE_BH001,9.0,SILT,12,14.820509320520234,RED,0,0,0.31578946260387847,15.0,0.0
DEMO_SITE_BH001,10.5,GRAVEL,21,23.665270376509163,YELLOW,0,0,0.3684210397045249,15.333333333333334,0.0
DEMO_SITE_BH001,12.0,SAND,49,22.199933155652417,GRAY,0,0,0.4210526168051713,27.333333333333332,0.0
DEMO_SITE_BH001,13.5,GRAVEL,47,26.663898234723288,RED,0,0,0.47368419390581773,39.0,0.0
DEMO_SITE_BH001,15.0,GRAVEL,31,13.467293070155442,YELLOW,0,0,0.5263157710064642,42.333333333333336,0.0
DEMO_SITE_BH001,16.5,SAND,48,17.821212151464817,BROWN,0,0,0.5789473481071106,42.0,0.0
DEMO_SITE_BH001,18.0,SAND,36,13.644721755761246,GRAY,0,0,0.6315789252077569,38.333333333333336,0.0
DEMO_SITE_BH001,19.5,SAND,29,25.10722820635305,YELLOW,0,0,0.6842105023084034,37.666666666666664,0.0
DEMO_SITE_BH001,21.0,GRAVEL,57,18.503117489824895,BROWN,0,0,0.7368420794090498,40.666666666666664,0.0
DEMO_SITE_BH001,22.5,ROCK,96,14.158833257363776,YELLOW,0,0,0.7894736565096963,60.666666666666664,0.0
DEMO_SITE_BH001,24.0,ROCK,93,21.35400655639983,BROWN,0,0,0.8421052336103426,82.0,0.0
DEMO_SITE_BH001,25.5,ROCK,52,10.62626584911117,GRAY,0,0,0.8947368107109891,80.33333333333333,0.0
DEMO_SITE_BH001,27.0,ROCK,56,26.84569549189997,RED,0,0,0.9473683878116355,67.0,0.0
DEMO_SITE_BH001,28.5,GRAVEL,36,18.995082667395312,BROWN,0,0,0.9999999649122819,48.0,0.0
DEMO_SITE_BH002,0.0,CLAY,5,21.225543951389923,BROWN,100,0,0.0,5.0,100.0
DEMO_SITE_BH002,1.5,CLAY,4,25.41934359909122,GRAY,100,0,0.052631577100646414,4.5,100.0
DEMO_SITE_BH002,3.0,SILT,22,19.875911927287817,BROWN,100,0,0.10526315420129283,10.333333333333334,100.0
DEMO_SITE_BH002,4.5,SILT,24,20.45465658763988,BROWN,100,0,0.15789473130193923,16.666666666666668,100.0
DEMO_SITE_BH002,6.0,SILT,16,18.550820367170992,GRAY,100,0,0.21052630840258565,20.666666666666668,100.0
DEMO_SITE_BH002,7.5,SAND,10,10.508382534881903,YELLOW,100,0,0.2631578855032321,16.666666666666668,100.0
DEMO_SITE_BH002,9.0,SILT,20,12.157828539866088,YELLOW,100,0,0.31578946260387847,15.333333333333334,100.0
DEMO_SITE_BH002,10.5,GRAVEL,27,10.628583713734685,YELLOW,100,0,0.3684210397045249,19.0,100.0
DEMO_SITE_BH002,12.0,SAND,20,22.72820822527561,YELLOW,100,0,0.4210526168051713,22.333333333333332,100.0
DEMO_SITE_BH002,13.5,SAND,29,16.287119621526536,YELLOW,100,0,0.47368419390581773,25.333333333333332,100.0
DEMO_SITE_BH002,15.0,GRAVEL,28,20.171413823294056,GRAY,100,0,0.5263157710064642,25.666666666666668,100.0
DEMO_SITE_BH002,16.5,SAND,28,28.15132947852186,GRAY,100,0,0.5789473481071106,28.333333333333332,100.0
DEMO_SITE_BH002,18.0,SAND,21,14.9858445829775,RED,100,0,0.6315789252077569,25.666666666666668,100.0
DEMO_SITE_BH002,19.5,GRAVEL,42,18.207658460712594,YELLOW,100,0,0.6842105023084034,30.333333333333332,100.0
DEMO_SITE_BH002,21.0,ROCK,73,25.111022770860973,GRAY,100,0,0.7368420794090498,45.333333333333336,100.0
DEMO_SITE_BH002,22.5,ROCK,93,14.57596330983245,RED,100,0,0.7894736565096963,69.33333333333333,100.0
DEMO_SITE_BH002,24.0,ROCK,76,11.53959819657586,YELLOW,100,0,0.8421052336103426,80.66666666666667,100.0
DEMO_SITE_BH002,25.5,ROCK,84,15.795029058275361,BROWN,100,0,0.8947368107109891,84.33333333333333,100.0
DEMO_SITE_BH002,27.0,GRAVEL,43,13.224425745080088,RED,100,0,0.9473683878116355,67.66666666666667,100.0
DEMO_SITE_BH002,28.5,ROCK,54,28.59395304685146,GRAY,100,0,0.9999999649122819,60.333333333333336,100.0
DEMO_SITE_BH003,0.0,CLAY,4,29.713009082212015,YELLOW,200,0,0.0,4.0,200.0
DEMO_SITE_BH003,1.5,CLAY,4,14.841105430230009,RED,200,0,0.052631577100646414,4.0,200.0
DEMO_SITE_BH003,3.0,SILT,29,23.442710948117572,YELLOW,200,0,0.10526315420129283,12.333333333333334,200.0
DEMO_SITE_BH003,4.5,SAND,12,25.23239230657435,BROWN,200,0,0.15789473130193923,15.0,200.0
DEMO_SITE_BH003,6.0,SILT,17,14.752750879847994,BROWN,200,0,0.21052630840258565,19.333333333333332,200.0
DEMO_SITE_BH003,7.5,SAND,14,24.56432697223719,YELLOW,200,0,0.2631578855032321,14.333333333333334,200.0
DEMO_SITE_BH003,9.0,SAND,19,17.355662654385064,YELLOW,200,0,0.31578946260387847,16.666666666666668,200.0
DEMO_SITE_BH003,10.5,GRAVEL,34,22.64611661187159,RED,200,0,0.3684210397045249,22.333333333333332,200.0
DEMO_SITE_BH003,12.0,GRAVEL,43,22.670594215217896,GRAY,200,0,0.4210526168051713,32.0,200.0
DEMO_SITE_BH003,13.5,SAND,36,20.71549368149517,YELLOW,200,0,0.47368419390581773,37.666666666666664,200.0
DEMO_SITE_BH003,15.0,GRAVEL,45,11.805795401088165,BROWN,200,0,0.5263157710064642,41.333333333333336,200.0
DEMO_SITE_BH003,16.5,SAND,49,26.70604991178476,RED,200,0,0.5789473481071106,43.333333333333336,200.0
DEMO_SITE_BH003,18.0,SAND,22,16.415601299434716,YELLOW,200,0,0.6315789252077569,38.666666666666664,200.0
DEMO_SITE_BH003,19.5,GRAVEL,36,13.730370207997085,BROWN,200,0,0.6842105023084034,35.666666666666664,200.0
DEMO_SITE_BH003,21.0,ROCK,98,10.815502831095278,BROWN,200,0,0.7368420794090498,52.0,200.0
DEMO_SITE_BH003,22.5,ROCK,77,21.817858863764837,GRAY,200,0,0.7894736565096963,70.33333333333333,200.0
DEMO_SITE_BH003,24.0,GRAVEL,34,23.55128723684565,RED,200,0,0.8421052336103426,69.66666666666667,200.0
DEMO_SITE_BH003,25.5,ROCK,50,10.331756578557123,RED,200,0,0.8947368107109891,53.666666666666664,200.0
DEMO_SITE_BH003,27.0,ROCK,51,20.24186116598562,GRAY,200,0,0.9473683878116355,45.0,200.0
DEMO_SITE_BH003,28.5,ROCK,75,14.529915503958758,GRAY,200,0,0.9999999649122819,58.666666666666664,200.0
DEMO_SITE_BH004,0.0,CLAY,6,14.744981749936002,BROWN,300,0,0.0,6.0,300.0
DEMO_SITE_BH004,1.5,CLAY,7,16.507993963185356,YELLOW,300,0,0.052631577100646414,6.5,300.0
DEMO_SITE_BH004,3.0,SILT,25,24.92982810236048,RED,300,0,0.10526315420129283,12.666666666666666,300.0
DEMO_SITE_BH004,4.5,SAND,26,22.992657980944294,YELLOW,300,0,0.15789473130193923,19.333333333333332,300.0
DEMO_SITE_BH004,6.0,SILT,25,26.98446820988356,RED,300,0,0.21052630840258565,25.333333333333332,300.0
DEMO_SITE_BH004,7.5,SAND,14,23.15225784600687,YELLOW,300,0,0.2631578855032321,21.666666666666668,300.0
DEMO_SITE_BH004,9.0,SAND,18,21.36617206670943,BROWN,300,0,0.31578946260387847,19.0,300.0
DEMO_SITE_BH004,10.5,GRAVEL,38,11.87349535656185,YELLOW,300,0,0.3684210397045249,23.333333333333332,300.0
DEMO_SITE_BH004,12.0,SAND,22,17.35431606118867,BROWN,300,0,0.4210526168051713,26.0,300.0
DEMO_SITE_BH004,13.5,SAND,41,15.304047353634509,YELLOW,300,0,0.47368419390581773,33.666666666666664,300.0
DEMO_SITE_BH004,15.0,SAND,43,14.87979286758167,YELLOW,300,0,0.5263157710064642,35.333333333333336,300.0
DEMO_SITE_BH004,16.5,SAND,36,29.460211095048912,GRAY,300,0,0.5789473481071106,40.0,300.0
DEMO_SITE_BH004,18.0,GRAVEL,25,17.861954493335208,BROWN,300,0,0.6315789252077569,34.666666666666664,300.0
DEMO_SITE_BH004,19.5,SAND,49,27.840931103542268,GRAY,300,0,0.6842105023084034,36.666666666666664,300.0
DEMO_SITE_BH004,21.0,GRAVEL,59,22.622772519945258,BROWN,300,0,0.7368420794090498,44.333333333333336,300.0
DEMO_SITE_BH004,22.5,ROCK,74,25.896226070832967,GRAY,300,0,0.7894736565096963,60.666666666666664,300.0
DEMO_SITE_BH004,24.0,GRAVEL,43,20.052741862103844,RED,300,0,0.8421052336103426,58.666666666666664,300.0
DEMO_SITE_BH004,25.5,ROCK,84,21.53807769252718,YELLOW,300,0,0.8947368107109891,67.0,300.0
DEMO_SITE_BH004,27.0,ROCK,90,19.850353876377277,BROWN,300,0,0.9473683878116355,72.33333333333333,300.0
DEMO_SITE_BH004,28.5,GRAVEL,33,13.90485975596089,BROWN,300,0,0.9999999649122819,69.0,300.0
DEMO_SITE_BH005,0.0,CLAY,8,24.03933754515407,BROWN,400,0,0.0,8.0,400.0
DEMO_SITE_BH005,1.5,CLAY,4,25.91585338872202,RED,400,0,0.052631577100646414,6.0,400.0
DEMO_SITE_BH005,3.0,SAND,12,27.800106836351326,YELLOW,400,0,0.10526315420129283,8.0,400.0
DEMO_SITE_BH005,4.5,SAND,29,16.759903137030715,GRAY,400,0,0.15789473130193923,15.0,400.0
DEMO_SITE_BH005,6.0,SILT,10,17.51165905279888,BROWN,400,0,0.21052630840258565,17.0,400.0
DEMO_SITE_BH005,7.5,SAND,27,11.87963879681738,YELLOW,400,0,0.2631578855032321,22.0,400.0
DEMO_SITE_BH005,9.0,SAND,12,21.56560281992348,YELLOW,400,0,0.31578946260387847,16.333333333333332,400.0
DEMO_SITE_BH005,10.5,SAND,43,10.718845475934842,GRAY,400,0,0.3684210397045249,27.333333333333332,400.0
DEMO_SITE_BH005,12.0,GRAVEL,34,19.311960362649202,RED,400,0,0.4210526168051713,29.666666666666668,400.0
DEMO_SITE_BH005,13.5,SAND,21,20.85289269415153,RED,400,0,0.47368419390581773,32.666666666666664,400.0
DEMO_SITE_BH005,15.0,GRAVEL,29,15.730825042565687,RED,400,0,0.5263157710064642,28.0,400.0
DEMO_SITE_BH005,16.5,SAND,36,21.816665211380215,YELLOW,400,0,0.5789473481071106,28.666666666666668,400.0
DEMO_SITE_BH005,18.0,SAND,28,10.610004998780989,YELLOW,400,0,0.6315789252077569,31.0,400.0
DEMO_SITE_BH005,19.5,SAND,35,10.746963774984287,YELLOW,400,0,0.6842105023084034,33.0,400.0
DEMO_SITE_BH005,21.0,ROCK,91,26.452011213193167,BROWN,400,0,0.7368420794090498,51.333333333333336,400.0
DEMO_SITE_BH005,22.5,ROCK,84,17.20381282822526,GRAY,400,0,0.7894736565096963,70.0,400.0
DEMO_SITE_BH005,24.0,ROCK,73,12.541210253037695,YELLOW,400,0,0.8421052336103426,82.66666666666667,400.0
DEMO_SITE_BH005,25.5,ROCK,56,20.444865201096086,GRAY,400,0,0.8947368107109891,71.0,400.0
DEMO_SITE_BH005,27.0,ROCK,94,25.399871061972217,GRAY,400,0,0.9473683878116355,74.33333333333333,400.0
DEMO_SITE_BH005,28.5,GRAVEL,37,14.316420549936863,RED,400,0,0.9999999649122819,62.333333333333336,400.0
DEMO_SITE_BH006,0.0,CLAY,4,19.29347625879223,BROWN,0,100,0.0,4.0,100.0
DEMO_SITE_BH006,1.5,CLAY,6,22.995473652855267,RED,0,100,0.052631577100646414,5.0,100.0
DEMO_SITE_BH006,3.0,SAND,14,10.961178483940675,RED,0,100,0.10526315420129283,8.0,100.0
DEMO_SITE_BH006,4.5,SILT,18,28.982914631827718,BROWN,0,100,0.15789473130193923,12.666666666666666,100.0
DEMO_SITE_BH006,6.0,SAND,10,27.733607745960953,YELLOW,0,100,0.21052630840258565,14.0,100.0
DEMO_SITE_BH006,7.5,SILT,10,15.21787246683428,RED,0,100,0.2631578855032321,12.666666666666666,100.0
DEMO_SITE_BH006,9.0,SAND,25,10.306090805807695,BROWN,0,100,0.31578946260387847,15.0,100.0
DEMO_SITE_BH006,10.5,GRAVEL,32,28.66872616158966,BROWN,0,100,0.3684210397045249,22.333333333333332,100.0
DEMO_SITE_BH006,12.0,GRAVEL,35,20.020797678305186,YELLOW,0,100,0.4210526168051713,30.666666666666668,100.0
DEMO_SITE_BH006,13.5,SAND,24,20.78754896800125,GRAY,0,100,0.47368419390581773,30.333333333333332,100.0
DEMO_SITE_BH006,15.0,SAND,42,23.67927538796282,RED,0,100,0.5263157710064642,33.666666666666664,100.0
DEMO_SITE_BH006,16.5,GRAVEL,45,22.31702328779828,YELLOW,0,100,0.5789473481071106,37.0,100.0
DEMO_SITE_BH006,18.0,GRAVEL,24,28.877832091215144,BROWN,0,100,0.6315789252077569,37.0,100.0
DEMO_SITE_BH006,19.5,GRAVEL,48,28.885031942503346,BROWN,0,100,0.6842105023084034,39.0,100.0
DEMO_SITE_BH006,21.0,GRAVEL,34,27.343978671100075,YELLOW,0,100,0.7368420794090498,35.333333333333336,100.0
DEMO_SITE_BH006,22.5,GRAVEL,59,22.728071948920224,RED,0,100,0.7894736565096963,47.0,100.0
DEMO_SITE_BH006,24.0,ROCK,54,26.018985893647994,GRAY,0,100,0.8421052336103426,49.0,100.0
DEMO_SITE_BH006,25.5,ROCK,75,23.543366847659634,GRAY,0,100,0.8947368107109891,62.666666666666664,100.0
DEMO_SITE_BH006,27.0,ROCK,70,21.467340833438666,BROWN,0,100,0.9473683878116355,66.33333333333333,100.0
DEMO_SITE_BH006,28.5,ROCK,82,12.570007064678205,RED,0,100,0.9999999649122819,75.66666666666667,100.0
DEMO_SITE_BH007,0.0,CLAY,5,20.105047448957144,BROWN,100,100,0.0,5.0,141.4213562373095
DEMO_SITE_BH007,1.5,CLAY,6,26.529149322154833,BROWN,100,100,0.052631577100646414,5.5,141.4213562373095
DEMO_SITE_BH007,3.0,SAND,17,16.400992020612236,GRAY,100,100,0.10526315420129283,9.333333333333334,141.4213562373095
DEMO_SITE_BH007,4.5,SAND,19,27.91046456992401,GRAY,100,100,0.15789473130193923,14.0,141.4213562373095
DEMO_SITE_BH007,6.0,SILT,11,17.784033574683264,RED,100,100,0.21052630840258565,15.666666666666666,141.4213562373095
DEMO_SITE_BH007,7.5,SILT,16,10.216753029605968,GRAY,100,100,0.2631578855032321,15.333333333333334,141.4213562373095
DEMO_SITE_BH007,9.0,SILT,27,28.107639528385274,RED,100,100,0.31578946260387847,18.0,141.4213562373095
DEMO_SITE_BH007,10.5,SAND,48,11.825733535722671,GRAY,100,100,0.3684210397045249,30.333333333333332,141.4213562373095
DEMO_SITE_BH007,12.0,GRAVEL,44,16.3862727518083,BROWN,100,100,0.4210526168051713,39.666666666666664,141.4213562373095
DEMO_SITE_BH007,13.5,SAND,44,29.0012393410161,RED,100,100,0.47368419390581773,45.333333333333336,141.4213562373095
DEMO_SITE_BH007,15.0,SAND,24,29.012142938751122,RED,100,100,0.5263157710064642,37.333333333333336,141.4213562373095
DEMO_SITE_BH007,16.5,SAND,22,21.46875776246572,BROWN,100,100,0.5789473481071106,30.0,141.4213562373095
DEMO_SITE_BH007,18.0,SAND,35,22.636744243395984,RED,100,100,0.6315789252077569,27.0,141.4213562373095
DEMO_SITE_BH007,19.5,GRAVEL,36,18.968910439566393,RED,100,100,0.6842105023084034,31.0,141.4213562373095
DEMO_SITE_BH007,21.0,ROCK,73,15.864215433961292,GRAY,100,100,0.7368420794090498,48.0,141.4213562373095
DEMO_SITE_BH007,22.5,ROCK,81,16.57329090739832,RED,100,100,0.7894736565096963,63.333333333333336,141.4213562373095
DEMO_SITE_BH007,24.0,ROCK,98,23.450369121540767,YELLOW,100,100,0.8421052336103426,84.0,141.4213562373095
DEMO_SITE_BH007,25.5,ROCK,72,25.0474905887536,BROWN,100,100,0.8947368107109891,83.66666666666667,141.4213562373095
DEMO_SITE_BH007,27.0,ROCK,90,25.83158087451697,GRAY,100,100,0.9473683878116355,86.66666666666667,141.4213562373095
DEMO_SITE_BH007,28.5,ROCK,98,25.792362855891078,GRAY,100,100,0.9999999649122819,86.66666666666667,141.4213562373095
DEMO_SITE_BH008,0.0,CLAY,7,26.455807037533862,BROWN,200,100,0.0,7.0,223.60679774997897
DEMO_SITE_BH008,1.5,CLAY,4,24.88423313886596,GRAY,200,100,0.052631577100646414,5.5,223.60679774997897
DEMO_SITE_BH008,3.0,SILT,16,23.620788541938182,RED,200,100,0.10526315420129283,9.0,223.60679774997897
DEMO_SITE_BH008,4.5,SAND,17,14.750129425849398,RED,200,100,0.15789473130193923,12.333333333333334,223.60679774997897
DEMO_SITE_BH008,6.0,SILT,27,18.004457857440496,BROWN,200,100,0.21052630840258565,20.0,223.60679774997897
DEMO_SITE_BH008,7.5,SAND,11,19.554297817604553,BROWN,200,100,0.2631578855032321,18.333333333333332,223.60679774997897
DEMO_SITE_BH008,9.0,SILT,14,11.657826433867085,GRAY,200,100,0.31578946260387847,17.333333333333332,223.60679774997897
DEMO_SITE_BH008,10.5,GRAVEL,27,20.567402425944184,GRAY,200,100,0.3684210397045249,17.333333333333332,223.60679774997897
DEMO_SITE_BH008,12.0,GRAVEL,20,18.72671663213112,RED,200,100,0.4210526168051713,20.333333333333332,223.60679774997897
DEMO_SITE_BH008,13.5,SAND,36,26.04218498053468,YELLOW,200,100,0.47368419390581773,27.666666666666668,223.60679774997897
DEMO_SITE_BH008,15.0,SAND,44,29.558013375085416,RED,200,100,0.5263157710064642,33.333333333333336,223.60679774997897
DEMO_SITE_BH008,16.5,SAND,23,21.120100772851693,BROWN,200,100,0.5789473481071106,34.333333333333336,223.60679774997897
DEMO_SITE_BH008,18.0,GRAVEL,38,16.453727765551672,RED,200,100,0.6315789252077569,35.0,223.60679774997897
DEMO_SITE_BH008,19.5,SAND,41,10.868015665963455,YELLOW,200,100,0.6842105023084034,34.0,223.60679774997897
DEMO_SITE_BH008,21.0,ROCK,59,28.49286660447192,GRAY,200,100,0.7368420794090498,46.0,223.60679774997897
DEMO_SITE_BH008,22.5,ROCK,88,28.38231430557319,YELLOW,200,100,0.7894736565096963,62.666666666666664,223.60679774997897
DEMO_SITE_BH008,24.0,ROCK,94,15.059803359784823,YELLOW,200,100,0.8421052336103426,80.33333333333333,223.60679774997897
DEMO_SITE_BH008,25.5,GRAVEL,57,23.90822246213295,YELLOW,200,100,0.8947368107109891,79.66666666666667,223.60679774997897
DEMO_SITE_BH008,27.0,ROCK,69,11.508690941795386,GRAY,200,100,0.9473683878116355,73.33333333333333,223.60679774997897
DEMO_SITE_BH008,28.5,GRAVEL,58,13.324308638185059,YELLOW,200,100,0.9999999649122819,61.333333333333336,223.60679774997897
DEMO_SITE_BH009,0.0,CLAY,7,21.38162938331495,YELLOW,300,100,0.0,7.0,316.22776601683796
DEMO_SITE_BH009,1.5,CLAY,8,11.270236591800026,YELLOW,300,100,0.052631577100646414,7.5,316.22776601683796
DEMO_SITE_BH009,3.0,SILT,13,10.736437352719827,GRAY,300,100,0.10526315420129283,9.333333333333334,316.22776601683796
DEMO_SITE_BH009,4.5,SAND,27,12.677042376012665,YELLOW,300,100,0.15789473130193923,16.0,316.22776601683796
DEMO_SITE_BH009,6.0,SILT,14,10.273439296539946,RED,300,100,0.21052630840258565,18.0,316.22776601683796
DEMO_SITE_BH009,7.5,SAND,26,11.507181207049246,YELLOW,300,100,0.2631578855032321,22.333333333333332,316.22776601683796
DEMO_SITE_BH009,9.0,SILT,29,23.834287943378243,RED,300,100,0.31578946260387847,23.0,316.22776601683796
DEMO_SITE_BH009,10.5,SAND,35,20.68692550058926,GRAY,300,100,0.3684210397045249,30.0,316.22776601683796
DEMO_SITE_BH009,12.0,GRAVEL,33,24.998214989399436,GRAY,300,100,0.4210526168051713,32.333333333333336,316.22776601683796
DEMO_SITE_BH009,13.5,GRAVEL,25,28.263315045152858,GRAY,300,100,0.47368419390581773,31.0,316.22776601683796
DEMO_SITE_BH009,15.0,SAND,24,21.70299064650944,GRAY,300,100,0.5263157710064642,27.333333333333332,316.22776601683796
DEMO_SITE_BH009,16.5,SAND,21,24.52241688143696,GRAY,300,100,0.5789473481071106,23.333333333333332,316.22776601683796
DEMO_SITE_BH009,18.0,GRAVEL,49,25.141624040849116,RED,300,100,0.6315789252077569,31.333333333333332,316.22776601683796
DEMO_SITE_BH009,19.5,SAND,32,17.557010985515728,RED,300,100,0.6842105023084034,34.0,316.22776601683796
DEMO_SITE_BH009,21.0,GRAVEL,53,14.821696646592637,GRAY,300,100,0.7368420794090498,44.666666666666664,316.22776601683796
DEMO_SITE_BH009,22.5,ROCK,50,14.100906570130498,YELLOW,300,100,0.7894736565096963,45.0,316.22776601683796
DEMO_SITE_BH009,24.0,ROCK,96,15.028848790235969,BROWN,300,100,0.8421052336103426,66.33333333333333,316.22776601683796
DEMO_SITE_BH009,25.5,GRAVEL,50,15.494635940518176,GRAY,300,100,0.8947368107109891,65.33333333333333,316.22776601683796
DEMO_SITE_BH009,27.0,ROCK,74,14.14455298016113,YELLOW,300,100,0.9473683878116355,73.33333333333333,316.22776601683796
DEMO_SITE_BH009,28.5,ROCK,76,27.564413349583845,BROWN,300,100,0.9999999649122819,66.66666666666667,316.22776601683796
DEMO_SITE_BH010,0.0,CLAY,9,22.416113688441826,GRAY,400,100,0.0,9.0,412.31056256176606
DEMO_SITE_BH010,1.5,CLAY,9,16.948268164508285,BROWN,400,100,0.052631577100646414,9.0,412.31056256176606
DEMO_SITE_BH010,3.0,SAND,26,14.182615821570284,GRAY,400,100,0.10526315420129283,14.666666666666666,412.31056256176606
DEMO_SITE_BH010,4.5,SILT,24,21.59299868943477,BROWN,400,100,0.15789473130193923,19.666666666666668,412.31056256176606
DEMO_SITE_BH010,6.0,SAND,14,16.8312642091309,GRAY,400,100,0.21052630840258565,21.333333333333332,412.31056256176606
DEMO_SITE_BH010,7.5,SAND,11,20.745268334281402,BROWN,400,100,0.2631578855032321,16.333333333333332,412.31056256176606
DEMO_SITE_BH010,9.0,SAND,16,19.20238317967144,BROWN,400,100,0.31578946260387847,13.666666666666666,412.31056256176606
DEMO_SITE_BH010,10.5,GRAVEL,47,21.69532211898307,BROWN,400,100,0.3684210397045249,24.666666666666668,412.31056256176606
DEMO_SITE_BH010,12.0,SAND,37,18.006009778205627,YELLOW,400,100,0.4210526168051713,33.333333333333336,412.31056256176606
DEMO_SITE_BH010,13.5,SAND,49,23.953351473938636,GRAY,400,100,0.47368419390581773,44.333333333333336,412.31056256176606
DEMO_SITE_BH010,15.0,SAND,38,13.60134544698597,GRAY,400,100,0.5263157710064642,41.333333333333336,412.31056256176606
DEMO_SITE_BH010,16.5,SAND,39,23.93002932454158,GRAY,400,100,0.5789473481071106,42.0,412.31056256176606
DEMO_SITE_BH010,18.0,SAND,20,18.233224287150563,BROWN,400,100,0.6315789252077569,32.333333333333336,412.31056256176606
DEMO_SITE_BH010,19.5,SAND,47,27.486352097088343,GRAY,400,100,0.6842105023084034,35.333333333333336,412.31056256176606
DEMO_SITE_BH010,21.0,ROCK,91,20.304721097284215,GRAY,400,100,0.7368420794090498,52.666666666666664,412.31056256176606
DEMO_SITE_BH010,22.5,ROCK,54,29.462206985402087,BROWN,400,100,0.7894736565096963,64.0,412.31056256176606
DEMO_SITE_BH010,24.0,ROCK,59,22.038707910819205,RED,400,100,0.8421052336103426,68.0,412.31056256176606
DEMO_SITE_BH010,25.5,ROCK,59,14.476981318126413,BROWN,400,100,0.8947368107109891,57.333333333333336,412.31056256176606
DEMO_SITE_BH010,27.0,ROCK,69,26.435812736888984,GRAY,400,100,0.9473683878116355,62.333333333333336,412.31056256176606
DEMO_SITE_BH010,28.5,ROCK,83,16.901652556447736,BROWN,400,100,0.9999999649122819,70.33333333333333,412.31056256176606
DEMO_SITE_BH011,0.0,CLAY,4,26.814199717558623,GRAY,0,200,0.0,4.0,200.0
DEMO_SITE_BH011,1.5,CLAY,9,11.784086574241124,BROWN,0,200,0.052631577100646414,6.5,200.0
DEMO_SITE_BH011,3.0,SILT,20,20.706711280310472,BROWN,0,200,0.10526315420129283,11.0,200.0
DEMO_SITE_BH011,4.5,SAND,26,14.664328230996023,BROWN,0,200,0.15789473130193923,18.333333333333332,200.0
DEMO_SITE_BH011,6.0,SILT,10,16.858537285565205,BROWN,0,200,0.21052630840258565,18.666666666666668,200.0
DEMO_SITE_BH011,7.5,SILT,12,19.479398828611124,GRAY,0,200,0.2631578855032321,16.0,200.0
DEMO_SITE_BH011,9.0,SILT,24,17.102086065586093,BROWN,0,200,0.31578946260387847,15.333333333333334,200.0
DEMO_SITE_BH011,10.5,SAND,43,22.976456805831518,GRAY,0,200,0.3684210397045249,26.333333333333332,200.0
DEMO_SITE_BH011,12.0,SAND,45,19.591642035085002,GRAY,0,200,0.4210526168051713,37.333333333333336,200.0
DEMO_SITE_BH011,13.5,SAND,33,21.683989694283383,RED,0,200,0.47368419390581773,40.333333333333336,200.0
DEMO_SITE_BH011,15.0,SAND,32,24.736449507898257,YELLOW,0,200,0.5263157710064642,36.666666666666664,200.0
DEMO_SITE_BH011,16.5,GRAVEL,46,21.15484531900875,YELLOW,0,200,0.5789473481071106,37.0,200.0
DEMO_SITE_BH011,18.0,GRAVEL,26,21.73070869321518,GRAY,0,200,0.6315789252077569,34.666666666666664,200.0
DEMO_SITE_BH011,19.5,SAND,42,21.289170850452827,RED,0,200,0.6842105023084034,38.0,200.0
DEMO_SITE_BH011,21.0,ROCK,96,17.575452519025788,GRAY,0,200,0.7368420794090498,54.666666666666664,200.0
DEMO_SITE_BH011,22.5,GRAVEL,47,16.748936677438362,GRAY,0,200,0.7894736565096963,61.666666666666664,200.0
DEMO_SITE_BH011,24.0,ROCK,84,27.992947942900244,GRAY,0,200,0.8421052336103426,75.66666666666667,200.0
DEMO_SITE_BH011,25.5,ROCK,74,22.151104445871457,RED,0,200,0.8947368107109891,68.33333333333333,200.0
DEMO_SITE_BH011,27.0,ROCK,77,14.887063109293091,YELLOW,0,200,0.9473683878116355,78.33333333333333,200.0
DEMO_SITE_BH011,28.5,GRAVEL,54,19.964953956978803,RED,0,200,0.9999999649122819,68.33333333333333,200.0
DEMO_SITE_BH012,0.0,CLAY,4,20.972062358763065,YELLOW,100,200,0.0,4.0,223.60679774997897
DEMO_SITE_BH012,1.5,CLAY,6,20.978439597779545,GRAY,100,200,0.052631577100646414,5.0,223.60679774997897
DEMO_SITE_BH012,3.0,SAND,17,14.034609246604717,YELLOW,100,200,0.10526315420129283,9.0,223.60679774997897
DEMO_SITE_BH012,4.5,SAND,15,23.691430957596666,YELLOW,100,200,0.15789473130193923,12.666666666666666,223.60679774997897
DEMO_SITE_BH012,6.0,SAND,20,11.757362224853136,BROWN,100,200,0.21052630840258565,17.333333333333332,223.60679774997897
DEMO_SITE_BH012,7.5,SAND,15,12.776495468840407,YELLOW,100,200,0.2631578855032321,16.666666666666668,223.60679774997897
DEMO_SITE_BH012,9.0,SAND,15,10.054217988286593,RED,100,200,0.31578946260387847,16.666666666666668,223.60679774997897
DEMO_SITE_BH012,10.5,SAND,44,12.333921282833627,BROWN,100,200,0.3684210397045249,24.666666666666668,223.60679774997897
DEMO_SITE_BH012,12.0,SAND,30,19.463324021037845,BROWN,100,200,0.4210526168051713,29.666666666666668,223.60679774997897
DEMO_SITE_BH012,13.5,SAND,38,22.122037621116775,GRAY,100,200,0.47368419390581773,37.333333333333336,223.60679774997897
DEMO_SITE_BH012,15.0,SAND,24,25.88578899932925,YELLOW,100,200,0.5263157710064642,30.666666666666668,223.60679774997897
DEMO_SITE_BH012,16.5,GRAVEL,41,12.133985002268721,GRAY,100,200,0.5789473481071106,34.333333333333336,223.60679774997897
DEMO_SITE_BH012,18.0,SAND,39,27.014549200329093,RED,100,200,0.6315789252077569,34.666666666666664,223.60679774997897
DEMO_SITE_BH012,19.5,SAND,36,24.919490510974363,BROWN,100,200,0.6842105023084034,38.666666666666664,223.60679774997897
DEMO_SITE_BH012,21.0,ROCK,50,18.170365858718338,BROWN,100,200,0.7368420794090498,41.666666666666664,223.60679774997897
DEMO_SITE_BH012,22.5,ROCK,87,28.658761341999092,BROWN,100,200,0.7894736565096963,57.666666666666664,223.60679774997897
DEMO_SITE_BH012,24.0,ROCK,60,29.81858952914781,RED,100,200,0.8421052336103426,65.66666666666667,223.60679774997897
DEMO_SITE_BH012,25.5,ROCK,62,14.100036201064745,RED,100,200,0.8947368107109891,69.66666666666667,223.60679774997897
DEMO_SITE_BH012,27.0,ROCK,82,17.584571699276008,GRAY,100,200,0.9473683878116355,68.0,223.60679774997897
DEMO_SITE_BH012,28.5,ROCK,59,28.52898847179422,GRAY,100,200,0.9999999649122819,67.66666666666667,223.60679774997897
DEMO_SITE_BH013,0.0,CLAY,9,24.139609224869183,GRAY,200,200,0.0,9.0,282.842712474619
DEMO_SITE_BH013,1.5,CLAY,7,25.571438781015022,RED,200,200,0.052631577100646414,8.0,282.842712474619
DEMO_SITE_BH013,3.0,SAND,19,12.862559710969393,RED,200,200,0.10526315420129283,11.666666666666666,282.842712474619
DEMO_SITE_BH013,4.5,SAND,17,14.090891863389265,BROWN,200,200,0.15789473130193923,14.333333333333334,282.842712474619
DEMO_SITE_BH013,6.0,SAND,17,24.281281644472283,YELLOW,200,200,0.21052630840258565,17.666666666666668,282.842712474619
DEMO_SITE_BH013,7.5,SAND,28,19.879629742617254,RED,200,200,0.2631578855032321,20.666666666666668,282.842712474619
DEMO_SITE_BH013,9.0,SAND,10,25.09270583720233,GRAY,200,200,0.31578946260387847,18.333333333333332,282.842712474619
DEMO_SITE_BH013,10.5,SAND,34,12.0583206148829,GRAY,200,200,0.3684210397045249,24.0,282.842712474619
DEMO_SITE_BH013,12.0,SAND,36,20.729627029691894,YELLOW,200,200,0.4210526168051713,26.666666666666668,282.842712474619
DEMO_SITE_BH013,13.5,SAND,42,17.576431311138315,GRAY,200,200,0.47368419390581773,37.333333333333336,282.842712474619
DEMO_SITE_BH013,15.0,SAND,40,19.140004385633567,GRAY,200,200,0.5263157710064642,39.333333333333336,282.842712474619
DEMO_SITE_BH013,16.5,SAND,38,22.07915744145025,YELLOW,200,200,0.5789473481071106,40.0,282.842712474619
DEMO_SITE_BH013,18.0,SAND,25,20.045766949250602,RED,200,200,0.6315789252077569,34.333333333333336,282.842712474619
DEMO_SITE_BH013,19.5,SAND,26,20.797212742256733,RED,200,200,0.6842105023084034,29.666666666666668,282.842712474619
DEMO_SITE_BH013,21.0,ROCK,91,19.727149639912156,GRAY,200,200,0.7368420794090498,47.333333333333336,282.842712474619
DEMO_SITE_BH013,22.5,GRAVEL,44,18.179103541709864,GRAY,200,200,0.7894736565096963,53.666666666666664,282.842712474619
DEMO_SITE_BH013,24.0,ROCK,82,25.4376396119649,RED,200,200,0.8421052336103426,72.33333333333333,282.842712474619
DEMO_SITE_BH013,25.5,ROCK,88,10.24406144636089,YELLOW,200,200,0.8947368107109891,71.33333333333333,282.842712474619
DEMO_SITE_BH013,27.0,ROCK,78,21.96885402410454,GRAY,200,200,0.9473683878116355,82.66666666666667,282.842712474619
DEMO_SITE_BH013,28.5,GRAVEL,30,21.310166946459475,BROWN,200,200,0.9999999649122819,65.33333333333333,282.842712474619
DEMO_SITE_BH014,0.0,CLAY,9,27.27036281225914,YELLOW,300,200,0.0,9.0,360.5551275463989
DEMO_SITE_BH014,1.5,CLAY,5,28.459204635969698,GRAY,300,200,0.052631577100646414,7.0,360.5551275463989
DEMO_SITE_BH014,3.0,SAND,24,19.314002446376264,GRAY,300,200,0.10526315420129283,12.666666666666666,360.5551275463989
DEMO_SITE_BH014,4.5,SAND,20,19.616739561781472,YELLOW,300,200,0.15789473130193923,16.333333333333332,360.5551275463989
DEMO_SITE_BH014,6.0,SAND,13,28.369094498786023,RED,300,200,0.21052630840258565,19.0,360.5551275463989
DEMO_SITE_BH014,7.5,SAND,14,21.741364482731345,BROWN,300,200,0.2631578855032321,15.666666666666666,360.5551275463989
DEMO_SITE_BH014,9.0,SAND,17,10.656933404868767,YELLOW,300,200,0.31578946260387847,14.666666666666666,360.5551275463989
DEMO_SITE_BH014,10.5,SAND,36,28.254989257582576,BROWN,300,200,0.3684210397045249,22.333333333333332,360.5551275463989
DEMO_SITE_BH014,12.0,SAND,45,14.964528855143037,RED,300,200,0.4210526168051713,32.666666666666664,360.5551275463989
DEMO_SITE_BH014,13.5,GRAVEL,38,21.552639081830947,BROWN,300,200,0.47368419390581773,39.666666666666664,360.5551275463989
DEMO_SITE_BH014,15.0,SAND,27,13.310266348559477,YELLOW,300,200,0.5263157710064642,36.666666666666664,360.5551275463989
DEMO_SITE_BH014,16.5,SAND,30,10.6775832049319,BROWN,300,200,0.5789473481071106,31.666666666666668,360.5551275463989
DEMO_SITE_BH014,18.0,SAND,33,16.229463422655147,GRAY,300,200,0.6315789252077569,30.0,360.5551275463989
DEMO_SITE_BH014,19.5,GRAVEL,45,25.609914150921753,RED,300,200,0.6842105023084034,36.0,360.5551275463989
DEMO_SITE_BH014,21.0,ROCK,72,15.551743452588362,RED,300,200,0.7368420794090498,50.0,360.5551275463989
DEMO_SITE_BH014,22.5,ROCK,89,14.40194428162194,RED,300,200,0.7894736565096963,68.66666666666667,360.5551275463989
DEMO_SITE_BH014,24.0,ROCK,96,14.253615686824526,YELLOW,300,200,0.8421052336103426,85.66666666666667,360.5551275463989
DEMO_SITE_BH014,25.5,GRAVEL,38,20.303473648136254,RED,300,200,0.8947368107109891,74.33333333333333,360.5551275463989
DEMO_SITE_BH014,27.0,ROCK,75,29.510826313655127,GRAY,300,200,0.9473683878116355,69.66666666666667,360.5551275463989
DEMO_SITE_BH014,28.5,ROCK,74,19.17977976034026,YELLOW,300,200,0.9999999649122819,62.333333333333336,360.5551275463989
DEMO_SITE_BH015,0.0,CLAY,9,21.134431695667324,BROWN,400,200,0.0,9.0,447.21359549995793
DEMO_SITE_BH015,1.5,CLAY,8,24.416261926210133,YELLOW,400,200,0.052631577100646414,8.5,447.21359549995793
DEMO_SITE_BH015,3.0,SAND,25,26.106299347158103,RED,400,200,0.10526315420129283,14.0,447.21359549995793
DEMO_SITE_BH015,4.5,SAND,27,29.774575639108857,GRAY,400,200,0.15789473130193923,20.0,447.21359549995793
DEMO_SITE_BH015,6.0,SILT,28,22.06394804353959,RED,400,200,0.21052630840258565,26.666666666666668,447.21359549995793
DEMO_SITE_BH015,7.5,SAND,11,26.13700297925172,GRAY,400,200,0.2631578855032321,22.0,447.21359549995793
DEMO_SITE_BH015,9.0,SAND,26,29.252986371097492,RED,400,200,0.31578946260387847,21.666666666666668,447.21359549995793
DEMO_SITE_BH015,10.5,SAND,25,28.888194511545468,RED,400,200,0.3684210397045249,20.666666666666668,447.21359549995793
DEMO_SITE_BH015,12.0,SAND,23,12.821636975554272,RED,400,200,0.4210526168051713,24.666666666666668,447.21359549995793
DEMO_SITE_BH015,13.5,GRAVEL,48,18.12784616547044,YELLOW,400,200,0.47368419390581773,32.0,447.21359549995793
DEMO_SITE_BH015,15.0,GRAVEL,22,16.479801222135993,YELLOW,400,200,0.5263157710064642,31.0,447.21359549995793
DEMO_SITE_BH015,16.5,GRAVEL,29,11.738500299006986,BROWN,400,200,0.5789473481071106,33.0,447.21359549995793
DEMO_SITE_BH015,18.0,SAND,21,22.664815498219212,BROWN,400,200,0.6315789252077569,24.0,447.21359549995793
DEMO_SITE_BH015,19.5,SAND,42,24.718092263920045,GRAY,400,200,0.6842105023084034,30.666666666666668,447.21359549995793
DEMO_SITE_BH015,21.0,ROCK,81,26.96256190933767,YELLOW,400,200,0.7368420794090498,48.0,447.21359549995793
DEMO_SITE_BH015,22.5,ROCK,78,12.45553779325417,GRAY,400,200,0.7894736565096963,67.0,447.21359549995793
DEMO_SITE_BH015,24.0,ROCK,52,27.528881517505877,BROWN,400,200,0.8421052336103426,70.33333333333333,447.21359549995793
DEMO_SITE_BH015,25.5,ROCK,57,22.858511272285064,GRAY,400,200,0.8947368107109891,62.333333333333336,447.21359549995793
DEMO_SITE_BH015,27.0,GRAVEL,44,24.07892270277019,BROWN,400,200,0.9473683878116355,51.0,447.21359549995793
DEMO_SITE_BH015,28.5,ROCK,82,28.21248007080608,YELLOW,400,200,0.9999999649122819,61.0,447.21359549995793
DEMO_SITE_BH016,0.0,CLAY,6,12.737712601376145,BROWN,0,300,0.0,6.0,300.0
DEMO_SITE_BH016,1.5,CLAY,7,28.0003728369621,RED,0,300,0.052631577100646414,6.5,300.0
DEMO_SITE_BH016,3.0,SAND,21,27.477801551250305,RED,0,300,0.10526315420129283,11.333333333333334,300.0
DEMO_SITE_BH016,4.5,SILT,19,21.948262043406167,YELLOW,0,300,0.15789473130193923,15.666666666666666,300.0
DEMO_SITE_BH016,6.0,SAND,23,22.010337208673068,RED,0,300,0.21052630840258565,21.0,300.0
DEMO_SITE_BH016,7.5,SAND,26,23.30073349092511,GRAY,0,300,0.2631578855032321,22.666666666666668,300.0
DEMO_SITE_BH016,9.0,SAND,26,13.507425572468993,GRAY,0,300,0.31578946260387847,25.0,300.0
DEMO_SITE_BH016,10.5,GRAVEL,27,28.288238918499196,RED,0,300,0.3684210397045249,26.333333333333332,300.0
DEMO_SITE_BH016,12.0,SAND,44,18.375410497841465,RED,0,300,0.4210526168051713,32.333333333333336,300.0
DEMO_SITE_BH016,13.5,GRAVEL,41,17.66277056498995,YELLOW,0,300,0.47368419390581773,37.333333333333336,300.0
DEMO_SITE_BH016,15.0,SAND,33,20.37835410565675,GRAY,0,300,0.5263157710064642,39.333333333333336,300.0
DEMO_SITE_BH016,16.5,SAND,45,10.9393193355011,GRAY,0,300,0.5789473481071106,39.666666666666664,300.0
DEMO_SITE_BH016,18.0,SAND,21,13.325667375121588,BROWN,0,300,0.6315789252077569,33.0,300.0
DEMO_SITE_BH016,19.5,GRAVEL,30,24.76067232852741,YELLOW,0,300,0.6842105023084034,32.0,300.0
DEMO_SITE_BH016,21.0,ROCK,70,11.655973358502528,BROWN,0,300,0.7368420794090498,40.333333333333336,300.0
DEMO_SITE_BH016,22.5,ROCK,90,22.063042189327764,GRAY,0,300,0.7894736565096963,63.333333333333336,300.0
DEMO_SITE_BH016,24.0,ROCK,66,14.906982193626419,YELLOW,0,300,0.8421052336103426,75.33333333333333,300.0
DEMO_SITE_BH016,25.5,ROCK,87,17.785912280839533,RED,0,300,0.8947368107109891,81.0,300.0
DEMO_SITE_BH016,27.0,ROCK,72,15.773874735413997,YELLOW,0,300,0.9473683878116355,75.0,300.0
DEMO_SITE_BH016,28.5,GRAVEL,51,17.113454329298982,RED,0,300,0.9999999649122819,70.0,300.0
DEMO_SITE_BH017,0.0,CLAY,6,23.84553129035705,GRAY,100,300,0.0,6.0,316.22776601683796
DEMO_SITE_BH017,1.5,CLAY,7,26.983913031306386,YELLOW,100,300,0.052631577100646414,6.5,316.22776601683796
DEMO_SITE_BH017,3.0,SILT,22,14.99336017718372,RED,100,300,0.10526315420129283,11.666666666666666,316.22776601683796
DEMO_SITE_BH017,4.5,SILT,18,19.788499272862808,RED,100,300,0.15789473130193923,15.666666666666666,316.22776601683796
DEMO_SITE_BH017,6.0,SAND,18,14.424188836392045,GRAY,100,300,0.21052630840258565,19.333333333333332,316.22776601683796
DEMO_SITE_BH017,7.5,SILT,26,29.75336015993294,RED,100,300,0.2631578855032321,20.666666666666668,316.22776601683796
DEMO_SITE_BH017,9.0,SAND,20,28.881186793732265,GRAY,100,300,0.31578946260387847,21.333333333333332,316.22776601683796
DEMO_SITE_BH017,10.5,SAND,44,10.788536227370118,RED,100,300,0.3684210397045249,30.0,316.22776601683796
DEMO_SITE_BH017,12.0,GRAVEL,22,24.11150345031377,BROWN,100,300,0.4210526168051713,28.666666666666668,316.22776601683796
DEMO_SITE_BH017,13.5,GRAVEL,31,28.504966348313317,GRAY,100,300,0.47368419390581773,32.333333333333336,316.22776601683796
DEMO_SITE_BH017,15.0,SAND,49,13.61150690254667,RED,100,300,0.5263157710064642,34.0,316.22776601683796
DEMO_SITE_BH017,16.5,GRAVEL,31,21.358904611052587,YELLOW,100,300,0.5789473481071106,37.0,316.22776601683796
DEMO_SITE_BH017,18.0,GRAVEL,31,28.309765951760838,RED,100,300,0.6315789252077569,37.0,316.22776601683796
DEMO_SITE_BH017,19.5,SAND,36,10.678919571715976,YELLOW,100,300,0.6842105023084034,32.666666666666664,316.22776601683796
DEMO_SITE_BH017,21.0,GRAVEL,39,23.9484053449368,YELLOW,100,300,0.7368420794090498,35.333333333333336,316.22776601683796
DEMO_SITE_BH017,22.5,ROCK,98,15.946980147451015,BROWN,100,300,0.7894736565096963,57.666666666666664,316.22776601683796
DEMO_SITE_BH017,24.0,GRAVEL,59,28.487923907530607,GRAY,100,300,0.8421052336103426,65.33333333333333,316.22776601683796
DEMO_SITE_BH017,25.5,ROCK,68,29.421164903307357,RED,100,300,0.8947368107109891,75.0,316.22776601683796
DEMO_SITE_BH017,27.0,ROCK,70,28.885329782268677,BROWN,100,300,0.9473683878116355,65.66666666666667,316.22776601683796
DEMO_SITE_BH017,28.5,ROCK,86,19.484284333149276,RED,100,300,0.9999999649122819,74.66666666666667,316.22776601683796
DEMO_SITE_BH018,0.0,CLAY,5,27.056436433838027,YELLOW,200,300,0.0,5.0,360.5551275463989
DEMO_SITE_BH018,1.5,CLAY,7,24.31106630468484,YELLOW,200,300,0.052631577100646414,6.0,360.5551275463989
DEMO_SITE_BH018,3.0,SAND,26,21.782170689417896,BROWN,200,300,0.10526315420129283,12.666666666666666,360.5551275463989
DEMO_SITE_BH018,4.5,SAND,22,15.545312913935472,RED,200,300,0.15789473130193923,18.333333333333332,360.5551275463989
DEMO_SITE_BH018,6.0,SAND,25,28.206782041150685,GRAY,200,300,0.21052630840258565,24.333333333333332,360.5551275463989
DEMO_SITE_BH018,7.5,SAND,21,10.902013544406463,BROWN,200,300,0.2631578855032321,22.666666666666668,360.5551275463989
DEMO_SITE_BH018,9.0,SILT,12,12.189351973582303,RED,200,300,0.31578946260387847,19.333333333333332,360.5551275463989
DEMO_SITE_BH018,10.5,SAND,49,17.83260281080712,BROWN,200,300,0.3684210397045249,27.333333333333332,360.5551275463989
DEMO_SITE_BH018,12.0,GRAVEL,32,12.488751145937126,GRAY,200,300,0.4210526168051713,31.0,360.5551275463989
DEMO_SITE_BH018,13.5,SAND,22,29.1283139511885,GRAY,200,300,0.47368419390581773,34.333333333333336,360.5551275463989
DEMO_SITE_BH018,15.0,GRAVEL,33,25.959786442867667,RED,200,300,0.5263157710064642,29.0,360.5551275463989
DEMO_SITE_BH018,16.5,GRAVEL,49,15.179653032036274,GRAY,200,300,0.5789473481071106,34.666666666666664,360.5551275463989
DEMO_SITE_BH018,18.0,GRAVEL,49,21.771084579464908,BROWN,200,300,0.6315789252077569,43.666666666666664,360.5551275463989
DEMO_SITE_BH018,19.5,SAND,44,29.646610301601633,GRAY,200,300,0.6842105023084034,47.333333333333336,360.5551275463989
DEMO_SITE_BH018,21.0,ROCK,93,27.683979562630057,BROWN,200,300,0.7368420794090498,62.0,360.5551275463989
DEMO_SITE_BH018,22.5,ROCK,59,22.01596892884396,BROWN,200,300,0.7894736565096963,65.33333333333333,360.5551275463989
DEMO_SITE_BH018,24.0,GRAVEL,36,28.07447934350541,GRAY,200,300,0.8421052336103426,62.666666666666664,360.5551275463989
DEMO_SITE_BH018,25.5,ROCK,50,29.783698196267178,RED,200,300,0.8947368107109891,48.333333333333336,360.5551275463989
DEMO_SITE_BH018,27.0,ROCK,52,24.867056457872483,YELLOW,200,300,0.9473683878116355,46.0,360.5551275463989
DEMO_SITE_BH018,28.5,ROCK,79,11.29972818965788,GRAY,200,300,0.9999999649122819,60.333333333333336,360.5551275463989
DEMO_SITE_BH019,0.0,CLAY,8,24.468402273771698,BROWN,300,300,0.0,8.0,424.26406871192853
DEMO_SITE_BH019,1.5,CLAY,8,19.917514701575417,BROWN,300,300,0.052631577100646414,8.0,424.26406871192853
DEMO_SITE_BH019,3.0,SAND,26,11.620924318152959,RED,300,300,0.10526315420129283,14.0,424.26406871192853
DEMO_SITE_BH019,4.5,SAND,29,14.403664038996226,BROWN,300,300,0.15789473130193923,21.0,424.26406871192853
DEMO_SITE_BH019,6.0,SAND,19,23.66517527319192,BROWN,300,300,0.21052630840258565,24.666666666666668,424.26406871192853
DEMO_SITE_BH019,7.5,SAND,27,11.522617189806004,BROWN,300,300,0.2631578855032321,25.0,424.26406871192853
DEMO_SITE_BH019,9.0,SAND,12,27.024138280975375,GRAY,300,300,0.31578946260387847,19.333333333333332,424.26406871192853
DEMO_SITE_BH019,10.5,SAND,25,19.902930540279485,YELLOW,300,300,0.3684210397045249,21.333333333333332,424.26406871192853
DEMO_SITE_BH019,12.0,SAND,48,19.61173154653296,RED,300,300,0.4210526168051713,28.333333333333332,424.26406871192853
DEMO_SITE_BH019,13.5,SAND,28,21.84815569319035,RED,300,300,0.47368419390581773,33.666666666666664,424.26406871192853
DEMO_SITE_BH019,15.0,SAND,24,26.493619318502983,GRAY,300,300,0.5263157710064642,33.333333333333336,424.26406871192853
DEMO_SITE_BH019,16.5,GRAVEL,28,16.95618415804386,YELLOW,300,300,0.5789473481071106,26.666666666666668,424.26406871192853
DEMO_SITE_BH019,18.0,GRAVEL,46,23.56032305118127,RED,300,300,0.6315789252077569,32.666666666666664,424.26406871192853
DEMO_SITE_BH019,19.5,GRAVEL,28,21.314639279915824,BROWN,300,300,0.6842105023084034,34.0,424.26406871192853
DEMO_SITE_BH019,21.0,GRAVEL,31,15.340565403388426,RED,300,300,0.7368420794090498,35.0,424.26406871192853
DEMO_SITE_BH019,22.5,ROCK,58,27.57259972710316,BROWN,300,300,0.7894736565096963,39.0,424.26406871192853
DEMO_SITE_BH019,24.0,ROCK,74,25.94852043213856,GRAY,300,300,0.8421052336103426,54.333333333333336,424.26406871192853
DEMO_SITE_BH019,25.5,ROCK,83,23.169036693168508,BROWN,300,300,0.8947368107109891,71.66666666666667,424.26406871192853
DEMO_SITE_BH019,27.0,ROCK,64,27.011634581884838,RED,300,300,0.9473683878116355,73.66666666666667,424.26406871192853
DEMO_SITE_BH019,28.5,GRAVEL,56,27.34588401919605,RED,300,300,0.9999999649122819,67.66666666666667,424.26406871192853
DEMO_SITE_BH020,0.0,CLAY,5,21.643409203525465,BROWN,400,300,0.0,5.0,500.0
DEMO_SITE_BH020,1.5,CLAY,5,16.917661139059135,BROWN,400,300,0.052631577100646414,5.0,500.0
DEMO_SITE_BH020,3.0,SAND,16,22.41831035534954,RED,400,300,0.10526315420129283,8.666666666666666,500.0
DEMO_SITE_BH020,4.5,SILT,13,10.914840676250257,RED,400,300,0.15789473130193923,11.333333333333334,500.0
DEMO_SITE_BH020,6.0,SAND,22,27.430736123047524,RED,400,300,0.21052630840258565,17.0,500.0
DEMO_SITE_BH020,7.5,SAND,16,29.469779383547937,BROWN,400,300,0.2631578855032321,17.0,500.0
DEMO_SITE_BH020,9.0,SILT,22,29.37755710571383,BROWN,400,300,0.31578946260387847,20.0,500.0
DEMO_SITE_BH020,10.5,SAND,36,24.993036634858495,RED,400,300,0.3684210397045249,24.666666666666668,500.0
DEMO_SITE_BH020,12.0,SAND,27,12.60172480261264,YELLOW,400,300,0.4210526168051713,28.333333333333332,500.0
DEMO_SITE_BH020,13.5,GRAVEL,47,25.16526391858045,YELLOW,400,300,0.47368419390581773,36.666666666666664,500.0
DEMO_SITE_BH020,15.0,GRAVEL,32,10.49173832917603,GRAY,400,300,0.5263157710064642,35.333333333333336,500.0
DEMO_SITE_BH020,16.5,SAND,25,10.442471030579945,RED,400,300,0.5789473481071106,34.666666666666664,500.0
DEMO_SITE_BH020,18.0,GRAVEL,26,16.472204382990824,GRAY,400,300,0.6315789252077569,27.666666666666668,500.0
DEMO_SITE_BH020,19.5,SAND,21,19.772863808093316,YELLOW,400,300,0.6842105023084034,24.0,500.0
DEMO_SITE_BH020,21.0,ROCK,64,25.408148356155863,GRAY,400,300,0.7368420794090498,37.0,500.0
DEMO_SITE_BH020,22.5,ROCK,78,23.665907532130106,RED,400,300,0.7894736565096963,54.333333333333336,500.0
DEMO_SITE_BH020,24.0,ROCK,69,18.918054127534965,RED,400,300,0.8421052336103426,70.33333333333333,500.0
DEMO_SITE_BH020,25.5,ROCK,99,15.472533325633318,RED,400,300,0.8947368107109891,82.0,500.0
DEMO_SITE_BH020,27.0,ROCK,66,29.942490003154223,BROWN,400,300,0.9473683878116355,78.0,500.0
DEMO_SITE_BH020,28.5,ROCK,66,18.523626044719457,GRAY,400,300,0.9999999649122819,77.0,500.0
